title,face,lying_position,not_highlight
dog1.jpg,1,0,0
dog2.jpg,1,0,0
dog3.jpg,1,0,0
dog4.jpg,1,0,0
dog5.jpg,1,0,0
dog6.jpg,1,0,0
dog7.jpg,1,0,0
dog8.jpg,1,0,0
dog9.jpg,1,0,0
dog10.jpg,1,0,0
dog11.jpg,1,0,0
dog12.jpg,1,0,0
dog13.jpg,1,0,0
dog14.jpg,1,0,0
dog15.jpg,1,0,0
dog16.jpg,1,0,0
dog17.jpg,1,0,0
dog18.jpg,1,0,0
dog19.jpg,1,0,0
dog20.jpg,1,0,0
dog21.jpg,1,0,0
dog22.jpg,1,0,0
dog23.jpg,1,0,0
dog24.jpg,1,0,0
dog25.jpg,1,0,0
dog26.jpg,1,0,0
dog27.jpg,1,0,0
dog28.jpg,1,0,0
dog29.jpg,1,0,0
dog30.jpg,1,0,0
dog31.jpg,1,0,0
dog32.jpg,1,0,0
dog33.jpg,1,0,0
dog34.jpg,1,0,0
dog35.jpg,1,0,0
dog36.jpg,1,0,0
dog37.jpg,1,0,0
dog38.jpg,1,0,0
dog39.jpg,1,0,0
dog40.jpg,1,0,0
dog41.jpg,1,0,0
dog42.jpg,1,0,0
dog43.jpg,1,0,0
dog44.jpg,1,0,0
dog45.jpg,1,0,0
dog46.jpg,1,0,0
dog47.jpg,1,0,0
dog48.jpg,1,0,0
dog49.jpg,1,0,0
dog50.jpg,1,0,0
dog51.jpg,1,0,0
dog52.jpg,1,0,0
dog53.jpg,1,0,0
dog54.jpg,1,0,0
dog55.jpg,1,0,0
dog56.jpg,1,0,0
dog57.jpg,1,0,0
dog58.jpg,1,0,0
dog59.jpg,1,0,0
dog60.jpg,1,0,0
dog61.jpg,1,0,0
dog62.jpg,1,0,0
dog63.jpg,1,0,0
dog64.jpg,1,0,0
dog65.jpg,1,0,0
dog66.jpg,1,0,0
dog67.jpg,1,0,0
dog68.jpg,1,0,0
dog69.jpg,1,0,0
dog70.jpg,1,0,0
dog71.jpg,1,0,0
dog72.jpg,1,0,0
dog73.jpg,1,0,0
dog74.jpg,1,0,0
dog75.jpg,1,0,0
dog76.jpg,1,0,0
dog77.jpg,1,0,0
dog78.jpg,1,0,0
dog79.jpg,1,0,0
dog80.jpg,1,0,0
dog81.jpg,1,0,0
dog82.jpg,1,0,0
dog83.jpg,1,0,0
dog84.jpg,1,0,0
dog85.jpg,1,0,0
dog86.jpg,1,0,0
dog87.jpg,1,0,0
dog88.jpg,1,0,0
dog89.jpg,1,0,0
dog90.jpg,1,0,0
dog91.jpg,1,0,0
dog92.jpg,1,0,0
dog93.jpg,1,0,0
dog94.jpg,1,0,0
dog95.jpg,1,0,0
dog96.jpg,1,0,0
dog97.jpg,1,0,0
dog98.jpg,1,0,0
dog99.jpg,1,0,0
dog100.jpg,1,0,0
dog101.jpg,1,0,0
dog102.jpg,1,0,0
dog103.jpg,1,0,0
dog104.jpg,1,0,0
dog105.jpg,1,0,0
dog106.jpg,1,0,0
dog107.jpg,1,0,0
dog108.jpg,1,0,0
dog109.jpg,1,0,0
dog110.jpg,1,0,0
dog111.jpg,1,0,0
dog112.jpg,1,0,0
dog113.jpg,1,0,0
dog114.jpg,1,0,0
dog115.jpg,1,0,0
dog116.jpg,1,0,0
dog117.jpg,1,0,0
dog118.jpg,1,0,0
dog119.jpg,1,0,0
dog120.jpg,1,0,0
dog121.jpg,1,0,0
dog122.jpg,1,0,0
dog123.jpg,1,0,0
dog124.jpg,1,0,0
dog125.jpg,1,0,0
dog126.jpg,1,0,0
dog127.jpg,1,0,0
dog128.jpg,1,0,0
dog129.jpg,1,0,0
dog130.jpg,1,0,0
dog131.jpg,1,0,0
dog132.jpg,1,0,0
dog133.jpg,1,0,0
dog134.jpg,1,0,0
dog135.jpg,1,0,0
dog136.jpg,1,0,0
dog137.jpg,1,0,0
dog138.jpg,1,0,0
dog139.jpg,1,0,0
dog140.jpg,1,0,0
dog141.jpg,1,0,0
dog142.jpg,1,0,0
dog143.jpg,1,0,0
dog144.jpg,1,0,0
dog145.jpg,1,0,0
dog146.jpg,1,0,0
dog147.jpg,1,0,0
dog148.jpg,1,0,0
dog149.jpg,1,0,0
dog150.jpg,1,0,0
dog151.jpg,1,0,0
dog152.jpg,1,0,0
dog153.jpg,1,0,0
dog154.jpg,1,0,0
dog155.jpg,1,0,0
dog156.jpg,1,0,0
dog157.jpg,1,0,0
dog158.jpg,1,0,0
dog159.jpg,1,0,0
dog160.jpg,1,0,0
dog161.jpg,1,0,0
dog162.jpg,1,0,0
dog163.jpg,1,0,0
dog164.jpg,1,0,0
dog165.jpg,1,0,0
dog166.jpg,1,0,0
dog167.jpg,1,0,0
dog168.jpg,1,0,0
dog169.jpg,1,0,0
dog170.jpg,1,0,0
dog171.jpg,1,0,0
dog172.jpg,1,0,0
dog173.jpg,1,0,0
dog174.jpg,1,0,0
dog175.jpg,1,0,0
dog176.jpg,1,0,0
dog177.jpg,1,0,0
dog178.jpg,1,0,0
dog179.jpg,1,0,0
dog180.jpg,1,0,0
dog181.jpg,1,0,0
dog182.jpg,1,0,0
dog183.jpg,1,0,0
dog184.jpg,1,0,0
dog185.jpg,1,0,0
dog186.jpg,1,0,0
dog187.jpg,1,0,0
dog188.jpg,1,0,0
dog189.jpg,1,0,0
dog190.jpg,1,0,0
dog191.jpg,1,0,0
dog192.jpg,1,0,0
dog193.jpg,1,0,0
dog194.jpg,1,0,0
dog195.jpg,1,0,0
dog196.jpg,1,0,0
dog197.jpg,1,0,0
dog198.jpg,1,0,0
dog199.jpg,1,0,0
dog200.jpg,1,0,0
dog201.jpg,1,0,0
dog202.jpg,1,0,0
dog203.jpg,1,0,0
dog204.jpg,1,0,0
dog205.jpg,1,0,0
dog206.jpg,1,0,0
dog207.jpg,1,0,0
dog208.jpg,1,0,0
dog209.jpg,1,0,0
dog210.jpg,1,0,0
dog211.jpg,1,0,0
dog212.jpg,1,0,0
dog213.jpg,1,0,0
dog214.jpg,1,0,0
dog215.jpg,1,0,0
dog216.jpg,1,0,0
dog217.jpg,1,0,0
dog218.jpg,1,0,0
dog219.jpg,1,0,0
dog220.jpg,1,0,0
dog221.jpg,1,0,0
dog222.jpg,1,0,0
dog223.jpg,1,0,0
dog224.jpg,1,0,0
dog225.jpg,1,0,0
dog226.jpg,1,0,0
dog227.jpg,1,0,0
dog228.jpg,1,0,0
dog229.jpg,1,0,0
dog230.jpg,1,0,0
dog231.jpg,1,0,0
dog232.jpg,1,0,0
dog233.jpg,1,0,0
dog234.jpg,1,0,0
dog235.jpg,1,0,0
dog236.jpg,1,0,0
dog237.jpg,1,0,0
dog238.jpg,1,0,0
dog239.jpg,1,0,0
dog240.jpg,1,0,0
dog241.jpg,1,0,0
dog242.jpg,1,0,0
dog243.jpg,1,0,0
dog244.jpg,1,0,0
dog245.jpg,1,0,0
dog246.jpg,1,0,0
dog247.jpg,1,0,0
dog248.jpg,1,0,0
dog249.jpg,1,0,0
dog250.jpg,1,0,0
dog251.jpg,1,0,0
dog252.jpg,1,0,0
dog253.jpg,1,0,0
dog254.jpg,1,0,0
dog255.jpg,1,0,0
dog256.jpg,1,0,0
dog257.jpg,1,0,0
dog258.jpg,1,0,0
dog259.jpg,1,0,0
dog260.jpg,1,0,0
dog261.jpg,1,0,0
dog262.jpg,1,0,0
dog263.jpg,1,0,0
dog264.jpg,1,0,0
dog265.jpg,1,0,0
dog266.jpg,1,0,0
dog267.jpg,1,0,0
dog268.jpg,1,0,0
dog269.jpg,1,0,0
dog270.jpg,1,0,0
dog271.jpg,1,0,0
dog272.jpg,1,0,0
dog273.jpg,1,0,0
dog274.jpg,1,0,0
dog275.jpg,1,0,0
dog276.jpg,1,0,0
dog277.jpg,1,0,0
dog278.jpg,1,0,0
dog279.jpg,1,0,0
dog280.jpg,1,0,0
dog281.jpg,1,0,0
dog282.jpg,1,0,0
dog283.jpg,1,0,0
dog284.jpg,1,0,0
dog285.jpg,1,0,0
dog286.jpg,1,0,0
dog287.jpg,1,0,0
dog288.jpg,1,0,0
dog289.jpg,1,0,0
dog290.jpg,1,0,0
dog291.jpg,1,0,0
dog292.jpg,1,0,0
dog293.jpg,1,0,0
dog294.jpg,1,0,0
dog295.jpg,1,0,0
dog296.jpg,1,0,0
dog297.jpg,1,0,0
dog298.jpg,1,0,0
dog299.jpg,1,0,0
dog300.jpg,1,0,0
dog301.jpg,1,0,0
dog302.jpg,1,0,0
dog303.jpg,1,0,0
dog304.jpg,1,0,0
dog305.jpg,1,0,0
dog306.jpg,1,0,0
dog307.jpg,1,0,0
dog308.jpg,1,0,0
dog309.jpg,1,0,0
dog310.jpg,1,0,0
dog311.jpg,1,0,0
dog312.jpg,1,0,0
dog313.jpg,1,0,0
dog314.jpg,1,0,0
dog315.jpg,1,0,0
dog316.jpg,1,0,0
dog317.jpg,1,0,0
dog318.jpg,1,0,0
dog319.jpg,1,0,0
dog320.jpg,1,0,0
dog321.jpg,1,0,0
dog322.jpg,1,0,0
dog323.jpg,1,0,0
dog324.jpg,1,0,0
dog325.jpg,1,0,0
dog326.jpg,1,0,0
dog327.jpg,1,0,0
dog328.jpg,1,0,0
dog329.jpg,1,0,0
dog330.jpg,1,0,0
dog331.jpg,1,0,0
dog332.jpg,1,0,0
dog333.jpg,1,0,0
dog334.jpg,1,0,0
dog335.jpg,1,0,0
dog336.jpg,1,0,0
dog337.jpg,1,0,0
dog338.jpg,1,0,0
dog339.jpg,1,0,0
dog340.jpg,1,0,0
dog341.jpg,1,0,0
dog342.jpg,1,0,0
dog343.jpg,1,0,0
dog344.jpg,1,0,0
dog345.jpg,1,0,0
dog346.jpg,1,0,0
dog347.jpg,1,0,0
dog348.jpg,1,0,0
dog349.jpg,1,0,0
dog350.jpg,1,0,0
dog351.jpg,1,0,0
dog352.jpg,1,0,0
dog353.jpg,1,0,0
dog354.jpg,1,0,0
dog355.jpg,1,0,0
dog356.jpg,1,0,0
dog357.jpg,1,0,0
dog358.jpg,1,0,0
dog359.jpg,1,0,0
dog360.jpg,1,0,0
dog361.jpg,1,0,0
dog362.jpg,1,0,0
dog363.jpg,1,0,0
dog364.jpg,1,0,0
dog365.jpg,1,0,0
dog366.jpg,1,0,0
dog367.jpg,1,0,0
dog368.jpg,1,0,0
dog369.jpg,1,0,0
dog370.jpg,1,0,0
dog371.jpg,1,0,0
dog372.jpg,1,0,0
dog373.jpg,1,0,0
dog374.jpg,1,0,0
dog375.jpg,1,0,0
dog376.jpg,1,0,0
dog377.jpg,1,0,0
dog378.jpg,1,0,0
dog379.jpg,1,0,0
dog380.jpg,1,0,0
dog381.jpg,1,0,0
dog382.jpg,1,0,0
dog383.jpg,1,0,0
dog384.jpg,1,0,0
dog385.jpg,1,0,0
dog386.jpg,1,0,0
dog387.jpg,1,0,0
dog388.jpg,1,0,0
dog389.jpg,1,0,0
dog390.jpg,1,0,0
dog391.jpg,1,0,0
dog392.jpg,1,0,0
dog393.jpg,1,0,0
dog394.jpg,1,0,0
dog395.jpg,1,0,0
dog396.jpg,1,0,0
dog397.jpg,1,0,0
dog398.jpg,1,0,0
dog399.jpg,1,0,0
dog400.jpg,1,0,0
dog401.jpg,1,0,0
dog402.jpg,1,0,0
dog403.jpg,1,0,0
dog404.jpg,1,0,0
dog405.jpg,1,0,0
dog406.jpg,1,0,0
dog407.jpg,1,0,0
dog408.jpg,1,0,0
dog409.jpg,1,0,0
dog410.jpg,1,0,0
dog411.jpg,1,0,0
dog412.jpg,1,0,0
dog413.jpg,1,0,0
dog414.jpg,1,0,0
dog415.jpg,1,0,0
dog416.jpg,1,0,0
dog417.jpg,1,0,0
dog418.jpg,1,0,0
dog419.jpg,1,0,0
dog420.jpg,1,0,0
dog421.jpg,1,0,0
dog422.jpg,1,0,0
dog423.jpg,1,0,0
dog424.jpg,1,0,0
dog425.jpg,1,0,0
dog426.jpg,1,0,0
dog427.jpg,1,0,0
dog428.jpg,1,0,0
dog429.jpg,1,0,0
dog430.jpg,1,0,0
dog431.jpg,1,0,0
dog432.jpg,1,0,0
dog433.jpg,1,0,0
dog434.jpg,1,0,0
dog435.jpg,1,0,0
dog436.jpg,1,0,0
dog437.jpg,1,0,0
dog438.jpg,1,0,0
dog439.jpg,1,0,0
dog440.jpg,1,0,0
dog441.jpg,1,0,0
dog442.jpg,1,0,0
dog443.jpg,1,0,0
dog444.jpg,1,0,0
dog445.jpg,1,0,0
dog446.jpg,1,0,0
dog447.jpg,1,0,0
dog448.jpg,1,0,0
dog449.jpg,1,0,0
dog450.jpg,1,0,0
dog451.jpg,1,0,0
dog452.jpg,1,0,0
dog453.jpg,1,0,0
dog454.jpg,1,0,0
dog455.jpg,1,0,0
dog456.jpg,1,0,0
dog457.jpg,1,0,0
dog458.jpg,1,0,0
dog459.jpg,1,0,0
dog460.jpg,1,0,0
dog461.jpg,1,0,0
dog462.jpg,1,0,0
dog463.jpg,1,0,0
dog464.jpg,1,0,0
dog465.jpg,1,0,0
dog466.jpg,1,0,0
dog467.jpg,1,0,0
dog468.jpg,1,0,0
dog469.jpg,1,0,0
dog470.jpg,1,0,0
dog471.jpg,1,0,0
dog472.jpg,1,0,0
dog473.jpg,1,0,0
dog474.jpg,1,0,0
dog475.jpg,1,0,0
dog476.jpg,1,0,0
dog477.jpg,1,0,0
dog478.jpg,1,0,0
dog479.jpg,1,0,0
dog480.jpg,1,0,0
dog481.jpg,1,0,0
dog482.jpg,1,0,0
dog483.jpg,1,0,0
dog484.jpg,1,0,0
dog485.jpg,1,0,0
dog486.jpg,1,0,0
dog487.jpg,1,0,0
dog488.jpg,1,0,0
dog489.jpg,1,0,0
dog490.jpg,1,0,0
dog491.jpg,1,0,0
dog492.jpg,1,0,0
dog493.jpg,1,0,0
dog494.jpg,1,0,0
dog495.jpg,1,0,0
dog496.jpg,1,0,0
dog497.jpg,1,0,0
dog498.jpg,1,0,0
dog499.jpg,1,0,0
dog500.jpg,1,0,0
dog501.jpg,1,0,0
dog502.jpg,1,0,0
dog503.jpg,1,0,0
dog504.jpg,1,0,0
dog505.jpg,1,0,0
dog506.jpg,1,0,0
dog507.jpg,1,0,0
dog508.jpg,1,0,0
dog509.jpg,1,0,0
dog510.jpg,1,0,0
dog511.jpg,1,0,0
dog512.jpg,1,0,0
dog513.jpg,1,0,0
dog514.jpg,1,0,0
dog515.jpg,1,0,0
dog516.jpg,1,0,0
dog517.jpg,1,0,0
dog518.jpg,1,0,0
dog519.jpg,1,0,0
dog520.jpg,1,0,0
dog521.jpg,1,0,0
dog522.jpg,1,0,0
dog523.jpg,1,0,0
dog524.jpg,1,0,0
dog525.jpg,1,0,0
dog526.jpg,1,0,0
dog527.jpg,1,0,0
dog528.jpg,1,0,0
dog529.jpg,1,0,0
dog530.jpg,1,0,0
dog531.jpg,1,0,0
dog532.jpg,1,0,0
dog533.jpg,1,0,0
dog534.jpg,1,0,0
dog535.jpg,1,0,0
dog536.jpg,1,0,0
dog537.jpg,1,0,0
dog538.jpg,1,0,0
dog539.jpg,1,0,0
dog540.jpg,1,0,0
dog541.jpg,1,0,0
dog542.jpg,1,0,0
dog543.jpg,1,0,0
dog544.jpg,1,0,0
dog545.jpg,1,0,0
dog546.jpg,1,0,0
dog547.jpg,1,0,0
dog548.jpg,1,0,0
dog549.jpg,1,0,0
dog550.jpg,1,0,0
dog551.jpg,1,0,0
dog552.jpg,1,0,0
dog553.jpg,1,0,0
dog554.jpg,1,0,0
dog555.jpg,1,0,0
dog556.jpg,1,0,0
dog557.jpg,1,0,0
dog558.jpg,1,0,0
dog559.jpg,1,0,0
dog560.jpg,1,0,0
dog561.jpg,1,0,0
dog562.jpg,1,0,0
dog563.jpg,1,0,0
dog564.jpg,1,0,0
dog565.jpg,1,0,0
dog566.jpg,1,0,0
dog567.jpg,1,0,0
dog568.jpg,1,0,0
dog569.jpg,1,0,0
dog570.jpg,1,0,0
dog571.jpg,1,0,0
dog572.jpg,1,0,0
dog573.jpg,1,0,0
dog574.jpg,1,0,0
dog575.jpg,1,0,0
dog576.jpg,1,0,0
dog577.jpg,1,0,0
dog578.jpg,1,0,0
dog579.jpg,1,0,0
dog580.jpg,1,0,0
dog581.jpg,1,0,0
dog582.jpg,1,0,0
dog583.jpg,1,0,0
dog584.jpg,1,0,0
dog585.jpg,1,0,0
dog586.jpg,1,0,0
dog587.jpg,1,0,0
dog588.jpg,1,0,0
dog589.jpg,1,0,0
dog590.jpg,1,0,0
dog591.jpg,1,0,0
dog592.jpg,1,0,0
dog593.jpg,1,0,0
dog594.jpg,1,0,0
dog595.jpg,1,0,0
dog596.jpg,1,0,0
dog597.jpg,1,0,0
dog598.jpg,1,0,0
dog599.jpg,1,0,0
dog600.jpg,1,0,0
dog601.jpg,1,0,0
dog602.jpg,1,0,0
dog603.jpg,1,0,0
dog604.jpg,1,0,0
dog605.jpg,1,0,0
dog606.jpg,1,0,0
dog607.jpg,1,0,0
dog608.jpg,1,0,0
dog609.jpg,1,0,0
dog610.jpg,1,0,0
dog611.jpg,1,0,0
dog612.jpg,1,0,0
dog613.jpg,1,0,0
dog614.jpg,1,0,0
dog615.jpg,1,0,0
dog616.jpg,1,0,0
dog617.jpg,1,0,0
dog618.jpg,1,0,0
dog619.jpg,1,0,0
dog620.jpg,1,0,0
dog621.jpg,1,0,0
dog622.jpg,1,0,0
dog623.jpg,1,0,0
dog624.jpg,1,0,0
dog625.jpg,1,0,0
dog626.jpg,1,0,0
dog627.jpg,1,0,0
dog628.jpg,1,0,0
dog629.jpg,1,0,0
dog630.jpg,1,0,0
dog631.jpg,1,0,0
dog632.jpg,1,0,0
dog633.jpg,1,0,0
dog634.jpg,1,0,0
dog635.jpg,1,0,0
dog636.jpg,1,0,0
dog637.jpg,1,0,0
dog638.jpg,1,0,0
dog639.jpg,1,0,0
dog640.jpg,1,0,0
dog641.jpg,1,0,0
dog642.jpg,1,0,0
dog643.jpg,1,0,0
dog644.jpg,1,0,0
dog645.jpg,1,0,0
dog646.jpg,1,0,0
dog647.jpg,1,0,0
dog648.jpg,1,0,0
dog649.jpg,1,0,0
dog650.jpg,1,0,0
dog651.jpg,1,0,0
dog652.jpg,1,0,0
dog653.jpg,1,0,0
dog654.jpg,1,0,0
dog655.jpg,1,0,0
dog656.jpg,1,0,0
dog657.jpg,1,0,0
dog658.jpg,1,0,0
dog659.jpg,1,0,0
dog660.jpg,1,0,0
dog661.jpg,1,0,0
dog662.jpg,1,0,0
dog663.jpg,1,0,0
dog664.jpg,1,0,0
dog665.jpg,1,0,0
dog666.jpg,1,0,0
dog667.jpg,1,0,0
dog668.jpg,1,0,0
dog669.jpg,1,0,0
dog670.jpg,1,0,0
dog671.jpg,1,0,0
dog672.jpg,1,0,0
dog673.jpg,1,0,0
dog674.jpg,1,0,0
dog675.jpg,1,0,0
dog676.jpg,1,0,0
dog677.jpg,1,0,0
dog678.jpg,1,0,0
dog679.jpg,1,0,0
dog680.jpg,1,0,0
dog681.jpg,1,0,0
dog682.jpg,1,0,0
dog683.jpg,1,0,0
dog684.jpg,1,0,0
dog685.jpg,1,0,0
dog686.jpg,1,0,0
dog687.jpg,1,0,0
dog688.jpg,1,0,0
dog689.jpg,1,0,0
dog690.jpg,1,0,0
dog691.jpg,1,0,0
dog692.jpg,1,0,0
dog693.jpg,1,0,0
dog694.jpg,1,0,0
dog695.jpg,1,0,0
dog696.jpg,1,0,0
dog697.jpg,1,0,0
dog698.jpg,1,0,0
dog699.jpg,1,0,0
dog700.jpg,1,0,0
dog701.jpg,0,1,0
dog702.jpg,0,1,0
dog703.jpg,0,1,0
dog704.jpg,0,1,0
dog705.jpg,0,1,0
dog706.jpg,0,1,0
dog707.jpg,0,1,0
dog708.jpg,0,1,0
dog709.jpg,0,1,0
dog710.jpg,0,1,0
dog711.jpg,0,1,0
dog712.jpg,0,1,0
dog713.jpg,0,1,0
dog714.jpg,0,1,0
dog715.jpg,0,1,0
dog716.jpg,0,1,0
dog717.jpg,0,1,0
dog718.jpg,0,1,0
dog719.jpg,0,1,0
dog720.jpg,0,1,0
dog721.jpg,0,1,0
dog722.jpg,0,1,0
dog723.jpg,0,1,0
dog724.jpg,0,1,0
dog725.jpg,0,1,0
dog726.jpg,0,1,0
dog727.jpg,0,1,0
dog728.jpg,0,1,0
dog729.jpg,0,1,0
dog730.jpg,0,1,0
dog731.jpg,0,1,0
dog732.jpg,0,1,0
dog733.jpg,0,1,0
dog734.jpg,0,1,0
dog735.jpg,0,1,0
dog736.jpg,0,1,0
dog737.jpg,0,1,0
dog738.jpg,0,1,0
dog739.jpg,0,1,0
dog740.jpg,0,1,0
dog741.jpg,0,1,0
dog742.jpg,0,1,0
dog743.jpg,0,1,0
dog744.jpg,0,1,0
dog745.jpg,0,1,0
dog746.jpg,0,1,0
dog747.jpg,0,1,0
dog748.jpg,0,1,0
dog749.jpg,0,1,0
dog750.jpg,0,1,0
dog751.jpg,0,1,0
dog752.jpg,0,1,0
dog753.jpg,0,1,0
dog754.jpg,0,1,0
dog755.jpg,0,1,0
dog756.jpg,0,1,0
dog757.jpg,0,1,0
dog758.jpg,0,1,0
dog759.jpg,0,1,0
dog760.jpg,0,1,0
dog761.jpg,0,1,0
dog762.jpg,0,1,0
dog763.jpg,0,1,0
dog764.jpg,0,1,0
dog765.jpg,0,1,0
dog766.jpg,0,1,0
dog767.jpg,0,1,0
dog768.jpg,0,1,0
dog769.jpg,0,1,0
dog770.jpg,0,1,0
dog771.jpg,0,1,0
dog772.jpg,0,1,0
dog773.jpg,0,1,0
dog774.jpg,0,1,0
dog775.jpg,0,1,0
dog776.jpg,0,1,0
dog777.jpg,0,1,0
dog778.jpg,0,1,0
dog779.jpg,0,1,0
dog780.jpg,0,1,0
dog781.jpg,0,1,0
dog782.jpg,0,1,0
dog783.jpg,0,1,0
dog784.jpg,0,1,0
dog785.jpg,0,1,0
dog786.jpg,0,1,0
dog787.jpg,0,1,0
dog788.jpg,0,1,0
dog789.jpg,0,1,0
dog790.jpg,0,1,0
dog791.jpg,0,1,0
dog792.jpg,0,1,0
dog793.jpg,0,1,0
dog794.jpg,0,1,0
dog795.jpg,0,1,0
dog796.jpg,0,1,0
dog797.jpg,0,1,0
dog798.jpg,0,1,0
dog799.jpg,0,1,0
dog800.jpg,0,1,0
dog801.jpg,0,1,0
dog802.jpg,0,1,0
dog803.jpg,0,1,0
dog804.jpg,0,1,0
dog805.jpg,0,1,0
dog806.jpg,0,1,0
dog807.jpg,0,1,0
dog808.jpg,0,1,0
dog809.jpg,0,1,0
dog810.jpg,0,1,0
dog811.jpg,0,1,0
dog812.jpg,0,1,0
dog813.jpg,0,1,0
dog814.jpg,0,1,0
dog815.jpg,0,1,0
dog816.jpg,0,1,0
dog817.jpg,0,1,0
dog818.jpg,0,1,0
dog819.jpg,0,1,0
dog820.jpg,0,1,0
dog821.jpg,0,1,0
dog822.jpg,0,1,0
dog823.jpg,0,1,0
dog824.jpg,0,1,0
dog825.jpg,0,1,0
dog826.jpg,0,1,0
dog827.jpg,0,1,0
dog828.jpg,0,1,0
dog829.jpg,0,1,0
dog830.jpg,0,1,0
dog831.jpg,0,1,0
dog832.jpg,0,1,0
dog833.jpg,0,1,0
dog834.jpg,0,1,0
dog835.jpg,0,1,0
dog836.jpg,0,1,0
dog837.jpg,0,1,0
dog838.jpg,0,1,0
dog839.jpg,0,1,0
dog840.jpg,0,1,0
dog841.jpg,0,1,0
dog842.jpg,0,1,0
dog843.jpg,0,1,0
dog844.jpg,0,1,0
dog845.jpg,0,1,0
dog846.jpg,0,1,0
dog847.jpg,0,1,0
dog848.jpg,0,1,0
dog849.jpg,0,1,0
dog850.jpg,0,1,0
dog851.jpg,0,1,0
dog852.jpg,0,1,0
dog853.jpg,0,1,0
dog854.jpg,0,1,0
dog855.jpg,0,1,0
dog856.jpg,0,1,0
dog857.jpg,0,1,0
dog858.jpg,0,1,0
dog859.jpg,0,1,0
dog860.jpg,0,1,0
dog861.jpg,0,1,0
dog862.jpg,0,1,0
dog863.jpg,0,1,0
dog864.jpg,0,1,0
dog865.jpg,0,1,0
dog866.jpg,0,1,0
dog867.jpg,0,1,0
dog868.jpg,0,1,0
dog869.jpg,0,1,0
dog870.jpg,0,1,0
dog871.jpg,0,1,0
dog872.jpg,0,1,0
dog873.jpg,0,1,0
dog874.jpg,0,1,0
dog875.jpg,0,1,0
dog876.jpg,0,1,0
dog877.jpg,0,1,0
dog878.jpg,0,1,0
dog879.jpg,0,1,0
dog880.jpg,0,1,0
dog881.jpg,0,1,0
dog882.jpg,0,1,0
dog883.jpg,0,1,0
dog884.jpg,0,1,0
dog885.jpg,0,1,0
dog886.jpg,0,1,0
dog887.jpg,0,1,0
dog888.jpg,0,1,0
dog889.jpg,0,1,0
dog890.jpg,0,1,0
dog891.jpg,0,1,0
dog892.jpg,0,1,0
dog893.jpg,0,1,0
dog894.jpg,0,1,0
dog895.jpg,0,1,0
dog896.jpg,0,1,0
dog897.jpg,0,1,0
dog898.jpg,0,1,0
dog899.jpg,0,1,0
dog900.jpg,0,1,0
dog901.jpg,0,1,0
dog902.jpg,0,1,0
dog903.jpg,0,1,0
dog904.jpg,0,1,0
dog905.jpg,0,1,0
dog906.jpg,0,1,0
dog907.jpg,0,1,0
dog908.jpg,0,1,0
dog909.jpg,0,1,0
dog910.jpg,0,1,0
dog911.jpg,0,1,0
dog912.jpg,0,1,0
dog913.jpg,0,1,0
dog914.jpg,0,1,0
dog915.jpg,0,1,0
dog916.jpg,0,1,0
dog917.jpg,0,1,0
dog918.jpg,0,1,0
dog919.jpg,0,1,0
dog920.jpg,0,1,0
dog921.jpg,0,1,0
dog922.jpg,0,1,0
dog923.jpg,0,1,0
dog924.jpg,0,1,0
dog925.jpg,0,1,0
dog926.jpg,0,1,0
dog927.jpg,0,1,0
dog928.jpg,0,1,0
dog929.jpg,0,1,0
dog930.jpg,0,1,0
dog931.jpg,0,1,0
dog932.jpg,0,1,0
dog933.jpg,0,1,0
dog934.jpg,0,1,0
dog935.jpg,0,1,0
dog936.jpg,0,1,0
dog937.jpg,0,1,0
dog938.jpg,0,1,0
dog939.jpg,0,1,0
dog940.jpg,0,1,0
dog941.jpg,0,1,0
dog942.jpg,0,1,0
dog943.jpg,0,1,0
dog944.jpg,0,1,0
dog945.jpg,0,1,0
dog946.jpg,0,1,0
dog947.jpg,0,1,0
dog948.jpg,0,1,0
dog949.jpg,0,1,0
dog950.jpg,0,1,0
dog951.jpg,0,1,0
dog952.jpg,0,1,0
dog953.jpg,0,1,0
dog954.jpg,0,1,0
dog955.jpg,0,1,0
dog956.jpg,0,1,0
dog957.jpg,0,1,0
dog958.jpg,0,1,0
dog959.jpg,0,1,0
dog960.jpg,0,1,0
dog961.jpg,0,1,0
dog962.jpg,0,1,0
dog963.jpg,0,1,0
dog964.jpg,0,1,0
dog965.jpg,0,1,0
dog966.jpg,0,1,0
dog967.jpg,0,1,0
dog968.jpg,0,1,0
dog969.jpg,0,1,0
dog970.jpg,0,1,0
dog971.jpg,0,1,0
dog972.jpg,0,1,0
dog973.jpg,0,1,0
dog974.jpg,0,1,0
dog975.jpg,0,1,0
dog976.jpg,0,1,0
dog977.jpg,0,1,0
dog978.jpg,0,1,0
dog979.jpg,0,1,0
dog980.jpg,0,1,0
dog981.jpg,0,1,0
dog982.jpg,0,1,0
dog983.jpg,0,1,0
dog984.jpg,0,1,0
dog985.jpg,0,1,0
dog986.jpg,0,1,0
dog987.jpg,0,1,0
dog988.jpg,0,1,0
dog989.jpg,0,1,0
dog990.jpg,0,1,0
dog991.jpg,0,1,0
dog992.jpg,0,1,0
dog993.jpg,0,1,0
dog994.jpg,0,1,0
dog995.jpg,0,1,0
dog996.jpg,0,1,0
dog997.jpg,0,1,0
dog998.jpg,0,1,0
dog999.jpg,0,1,0
dog1000.jpg,0,1,0
dog1001.jpg,0,1,0
dog1002.jpg,0,1,0
dog1003.jpg,0,1,0
dog1004.jpg,0,1,0
dog1005.jpg,0,1,0
dog1006.jpg,0,1,0
dog1007.jpg,0,1,0
dog1008.jpg,0,1,0
dog1009.jpg,0,1,0
dog1010.jpg,0,1,0
dog1011.jpg,0,1,0
dog1012.jpg,0,1,0
dog1013.jpg,0,1,0
dog1014.jpg,0,1,0
dog1015.jpg,0,1,0
dog1016.jpg,0,1,0
dog1017.jpg,0,1,0
dog1018.jpg,0,1,0
dog1019.jpg,0,1,0
dog1020.jpg,0,1,0
dog1021.jpg,0,1,0
dog1022.jpg,0,1,0
dog1023.jpg,0,1,0
dog1024.jpg,0,1,0
dog1025.jpg,0,1,0
dog1026.jpg,0,1,0
dog1027.jpg,0,1,0
dog1028.jpg,0,1,0
dog1029.jpg,0,1,0
dog1030.jpg,0,1,0
dog1031.jpg,0,1,0
dog1032.jpg,0,1,0
dog1033.jpg,0,1,0
dog1034.jpg,0,1,0
dog1035.jpg,0,1,0
dog1036.jpg,0,1,0
dog1037.jpg,0,1,0
dog1038.jpg,0,1,0
dog1039.jpg,0,1,0
dog1040.jpg,0,1,0
dog1041.jpg,0,1,0
dog1042.jpg,0,1,0
dog1043.jpg,0,1,0
dog1044.jpg,0,1,0
dog1045.jpg,0,1,0
dog1046.jpg,0,1,0
dog1047.jpg,0,1,0
dog1048.jpg,0,1,0
dog1049.jpg,0,1,0
dog1050.jpg,0,1,0
dog1051.jpg,0,1,0
dog1052.jpg,0,1,0
dog1053.jpg,0,1,0
dog1054.jpg,0,1,0
dog1055.jpg,0,1,0
dog1056.jpg,0,1,0
dog1057.jpg,0,1,0
dog1058.jpg,0,1,0
dog1059.jpg,0,1,0
dog1060.jpg,0,1,0
dog1061.jpg,0,1,0
dog1062.jpg,0,1,0
dog1063.jpg,0,1,0
dog1064.jpg,0,1,0
dog1065.jpg,0,1,0
dog1066.jpg,0,1,0
dog1067.jpg,0,1,0
dog1068.jpg,0,1,0
dog1069.jpg,0,1,0
dog1070.jpg,0,1,0
dog1071.jpg,0,1,0
dog1072.jpg,0,1,0
dog1073.jpg,0,1,0
dog1074.jpg,0,1,0
dog1075.jpg,0,1,0
dog1076.jpg,0,1,0
dog1077.jpg,0,1,0
dog1078.jpg,0,1,0
dog1079.jpg,0,1,0
dog1080.jpg,0,1,0
dog1081.jpg,0,1,0
dog1082.jpg,0,1,0
dog1083.jpg,0,1,0
dog1084.jpg,0,1,0
dog1085.jpg,0,1,0
dog1086.jpg,0,1,0
dog1087.jpg,0,1,0
dog1088.jpg,0,1,0
dog1089.jpg,0,1,0
dog1090.jpg,0,1,0
dog1091.jpg,0,1,0
dog1092.jpg,0,1,0
dog1093.jpg,0,1,0
dog1094.jpg,0,1,0
dog1095.jpg,0,1,0
dog1096.jpg,0,1,0
dog1097.jpg,0,1,0
dog1098.jpg,0,1,0
dog1099.jpg,0,1,0
dog1100.jpg,0,1,0
dog1101.jpg,0,1,0
dog1102.jpg,0,1,0
dog1103.jpg,0,1,0
dog1104.jpg,0,1,0
dog1105.jpg,0,1,0
dog1106.jpg,0,1,0
dog1107.jpg,0,1,0
dog1108.jpg,0,1,0
dog1109.jpg,0,1,0
dog1110.jpg,0,1,0
dog1111.jpg,0,1,0
dog1112.jpg,0,1,0
dog1113.jpg,0,1,0
dog1114.jpg,0,1,0
dog1115.jpg,0,1,0
dog1116.jpg,0,1,0
dog1117.jpg,0,1,0
dog1118.jpg,0,1,0
dog1119.jpg,0,1,0
dog1120.jpg,0,1,0
dog1121.jpg,0,1,0
dog1122.jpg,0,1,0
dog1123.jpg,0,1,0
dog1124.jpg,0,1,0
dog1125.jpg,0,1,0
dog1126.jpg,0,1,0
dog1127.jpg,0,1,0
dog1128.jpg,0,1,0
dog1129.jpg,0,1,0
dog1130.jpg,0,1,0
dog1131.jpg,0,1,0
dog1132.jpg,0,1,0
dog1133.jpg,0,1,0
dog1134.jpg,0,1,0
dog1135.jpg,0,1,0
dog1136.jpg,0,1,0
dog1137.jpg,0,1,0
dog1138.jpg,0,1,0
dog1139.jpg,0,1,0
dog1140.jpg,0,1,0
dog1141.jpg,0,1,0
dog1142.jpg,0,1,0
dog1143.jpg,0,1,0
dog1144.jpg,0,1,0
dog1145.jpg,0,1,0
dog1146.jpg,0,1,0
dog1147.jpg,0,1,0
dog1148.jpg,0,1,0
dog1149.jpg,0,1,0
dog1150.jpg,0,1,0
dog1151.jpg,0,1,0
dog1152.jpg,0,1,0
dog1153.jpg,0,1,0
dog1154.jpg,0,1,0
dog1155.jpg,0,1,0
dog1156.jpg,0,1,0
dog1157.jpg,0,1,0
dog1158.jpg,0,1,0
dog1159.jpg,0,1,0
dog1160.jpg,0,1,0
dog1161.jpg,0,1,0
dog1162.jpg,0,1,0
dog1163.jpg,0,1,0
dog1164.jpg,0,1,0
dog1165.jpg,0,1,0
dog1166.jpg,0,1,0
dog1167.jpg,0,1,0
dog1168.jpg,0,1,0
dog1169.jpg,0,1,0
dog1170.jpg,0,1,0
dog1171.jpg,0,1,0
dog1172.jpg,0,1,0
dog1173.jpg,0,1,0
dog1174.jpg,0,1,0
dog1175.jpg,0,1,0
dog1176.jpg,0,1,0
dog1177.jpg,0,1,0
dog1178.jpg,0,1,0
dog1179.jpg,0,1,0
dog1180.jpg,0,1,0
dog1181.jpg,0,1,0
dog1182.jpg,0,1,0
dog1183.jpg,0,1,0
dog1184.jpg,0,1,0
dog1185.jpg,0,1,0
dog1186.jpg,0,1,0
dog1187.jpg,0,1,0
dog1188.jpg,0,1,0
dog1189.jpg,0,1,0
dog1190.jpg,0,1,0
dog1191.jpg,0,1,0
dog1192.jpg,0,1,0
dog1193.jpg,0,1,0
dog1194.jpg,0,1,0
dog1195.jpg,0,1,0
dog1196.jpg,0,1,0
dog1197.jpg,0,1,0
dog1198.jpg,0,1,0
dog1199.jpg,0,1,0
dog1200.jpg,0,1,0
dog1201.jpg,0,1,0
dog1202.jpg,0,1,0
dog1203.jpg,0,1,0
dog1204.jpg,0,1,0
dog1205.jpg,0,1,0
dog1206.jpg,0,1,0
dog1207.jpg,0,1,0
dog1208.jpg,0,1,0
dog1209.jpg,0,1,0
dog1210.jpg,0,1,0
dog1211.jpg,0,1,0
dog1212.jpg,0,1,0
dog1213.jpg,0,1,0
dog1214.jpg,0,1,0
dog1215.jpg,0,1,0
dog1216.jpg,0,1,0
dog1217.jpg,0,1,0
dog1218.jpg,0,1,0
dog1219.jpg,0,1,0
dog1220.jpg,0,1,0
dog1221.jpg,0,1,0
dog1222.jpg,0,1,0
dog1223.jpg,0,1,0
dog1224.jpg,0,1,0
dog1225.jpg,0,1,0
dog1226.jpg,0,1,0
dog1227.jpg,0,1,0
dog1228.jpg,0,1,0
dog1229.jpg,0,1,0
dog1230.jpg,0,1,0
dog1231.jpg,0,1,0
dog1232.jpg,0,1,0
dog1233.jpg,0,1,0
dog1234.jpg,0,1,0
dog1235.jpg,0,1,0
dog1236.jpg,0,1,0
dog1237.jpg,0,1,0
dog1238.jpg,0,1,0
dog1239.jpg,0,1,0
dog1240.jpg,0,1,0
dog1241.jpg,0,1,0
dog1242.jpg,0,1,0
dog1243.jpg,0,1,0
dog1244.jpg,0,1,0
dog1245.jpg,0,1,0
dog1246.jpg,0,1,0
dog1247.jpg,0,1,0
dog1248.jpg,0,1,0
dog1249.jpg,0,1,0
dog1250.jpg,0,1,0
dog1251.jpg,0,1,0
dog1252.jpg,0,1,0
dog1253.jpg,0,1,0
dog1254.jpg,0,1,0
dog1255.jpg,0,1,0
dog1256.jpg,0,1,0
dog1257.jpg,0,1,0
dog1258.jpg,0,1,0
dog1259.jpg,0,1,0
dog1260.jpg,0,1,0
dog1261.jpg,0,1,0
dog1262.jpg,0,1,0
dog1263.jpg,0,1,0
dog1264.jpg,0,1,0
dog1265.jpg,0,1,0
dog1266.jpg,0,1,0
dog1267.jpg,0,1,0
dog1268.jpg,0,1,0
dog1269.jpg,0,1,0
dog1270.jpg,0,1,0
dog1271.jpg,0,1,0
dog1272.jpg,0,1,0
dog1273.jpg,0,1,0
dog1274.jpg,0,1,0
dog1275.jpg,0,1,0
dog1276.jpg,0,1,0
dog1277.jpg,0,1,0
dog1278.jpg,0,1,0
dog1279.jpg,0,1,0
dog1280.jpg,0,1,0
dog1281.jpg,0,1,0
dog1282.jpg,0,1,0
dog1283.jpg,0,1,0
dog1284.jpg,0,1,0
dog1285.jpg,0,1,0
dog1286.jpg,0,1,0
dog1287.jpg,0,1,0
dog1288.jpg,0,1,0
dog1289.jpg,0,1,0
dog1290.jpg,0,1,0
dog1291.jpg,0,1,0
dog1292.jpg,0,1,0
dog1293.jpg,0,1,0
dog1294.jpg,0,1,0
dog1295.jpg,0,1,0
dog1296.jpg,0,1,0
dog1297.jpg,0,1,0
dog1298.jpg,0,1,0
dog1299.jpg,0,1,0
dog1300.jpg,0,1,0
dog1301.jpg,0,1,0
dog1302.jpg,0,1,0
dog1303.jpg,0,1,0
dog1304.jpg,0,1,0
dog1305.jpg,0,1,0
dog1306.jpg,0,1,0
dog1307.jpg,0,1,0
dog1308.jpg,0,1,0
dog1309.jpg,0,1,0
dog1310.jpg,0,1,0
dog1311.jpg,0,1,0
dog1312.jpg,0,1,0
dog1313.jpg,0,1,0
dog1314.jpg,0,1,0
dog1315.jpg,0,1,0
dog1316.jpg,0,1,0
dog1317.jpg,0,1,0
dog1318.jpg,0,1,0
dog1319.jpg,0,1,0
dog1320.jpg,0,1,0
dog1321.jpg,0,1,0
dog1322.jpg,0,1,0
dog1323.jpg,0,1,0
dog1324.jpg,0,1,0
dog1325.jpg,0,1,0
dog1326.jpg,0,1,0
dog1327.jpg,0,1,0
dog1328.jpg,0,1,0
dog1329.jpg,0,1,0
dog1330.jpg,0,1,0
dog1331.jpg,0,1,0
dog1332.jpg,0,1,0
dog1333.jpg,0,1,0
dog1334.jpg,0,1,0
dog1335.jpg,0,1,0
dog1336.jpg,0,1,0
dog1337.jpg,0,1,0
dog1338.jpg,0,1,0
dog1339.jpg,0,1,0
dog1340.jpg,0,1,0
dog1341.jpg,0,1,0
dog1342.jpg,0,1,0
dog1343.jpg,0,1,0
dog1344.jpg,0,1,0
dog1345.jpg,0,1,0
dog1346.jpg,0,1,0
dog1347.jpg,0,1,0
dog1348.jpg,0,1,0
dog1349.jpg,0,1,0
dog1350.jpg,0,1,0
dog1351.jpg,0,1,0
dog1352.jpg,0,1,0
dog1353.jpg,0,1,0
dog1354.jpg,0,1,0
dog1355.jpg,0,1,0
dog1356.jpg,0,1,0
dog1357.jpg,0,1,0
dog1358.jpg,0,1,0
dog1359.jpg,0,1,0
dog1360.jpg,0,1,0
dog1361.jpg,0,1,0
dog1362.jpg,0,1,0
dog1363.jpg,0,1,0
dog1364.jpg,0,1,0
dog1365.jpg,0,1,0
dog1366.jpg,0,1,0
dog1367.jpg,0,1,0
dog1368.jpg,0,1,0
dog1369.jpg,0,1,0
dog1370.jpg,0,1,0
dog1371.jpg,0,1,0
dog1372.jpg,0,1,0
dog1373.jpg,0,1,0
dog1374.jpg,0,1,0
dog1375.jpg,0,1,0
dog1376.jpg,0,1,0
dog1377.jpg,0,1,0
dog1378.jpg,0,1,0
dog1379.jpg,0,1,0
dog1380.jpg,0,1,0
dog1381.jpg,0,1,0
dog1382.jpg,0,1,0
dog1383.jpg,0,1,0
dog1384.jpg,0,1,0
dog1385.jpg,0,1,0
dog1386.jpg,0,1,0
dog1387.jpg,0,1,0
dog1388.jpg,0,1,0
dog1389.jpg,0,1,0
dog1390.jpg,0,1,0
dog1391.jpg,0,0,1
dog1392.jpg,0,0,1
dog1393.jpg,0,0,1
dog1394.jpg,0,0,1
dog1395.jpg,0,0,1
dog1396.jpg,0,0,1
dog1397.jpg,0,0,1
dog1398.jpg,0,0,1
dog1399.jpg,0,0,1
dog1400.jpg,0,0,1
dog1401.jpg,0,0,1
dog1402.jpg,0,0,1
dog1403.jpg,0,0,1
dog1404.jpg,0,0,1
dog1405.jpg,0,0,1
dog1406.jpg,0,0,1
dog1407.jpg,0,0,1
dog1408.jpg,0,0,1
dog1409.jpg,0,0,1
dog1410.jpg,0,0,1
dog1411.jpg,0,0,1
dog1412.jpg,0,0,1
dog1413.jpg,0,0,1
dog1414.jpg,0,0,1
dog1415.jpg,0,0,1
dog1416.jpg,0,0,1
dog1417.jpg,0,0,1
dog1418.jpg,0,0,1
dog1419.jpg,0,0,1
dog1420.jpg,0,0,1
dog1421.jpg,0,0,1
dog1422.jpg,0,0,1
dog1423.jpg,0,0,1
dog1424.jpg,0,0,1
dog1425.jpg,0,0,1
dog1426.jpg,0,0,1
dog1427.jpg,0,0,1
dog1428.jpg,0,0,1
dog1429.jpg,0,0,1
dog1430.jpg,0,0,1
dog1431.jpg,0,0,1
dog1432.jpg,0,0,1
dog1433.jpg,0,0,1
dog1434.jpg,0,0,1
dog1435.jpg,0,0,1
dog1436.jpg,0,0,1
dog1437.jpg,0,0,1
dog1438.jpg,0,0,1
dog1439.jpg,0,0,1
dog1440.jpg,0,0,1
dog1441.jpg,0,0,1
dog1442.jpg,0,0,1
dog1443.jpg,0,0,1
dog1444.jpg,0,0,1
dog1445.jpg,0,0,1
dog1446.jpg,0,0,1
dog1447.jpg,0,0,1
dog1448.jpg,0,0,1
dog1449.jpg,0,0,1
dog1450.jpg,0,0,1
dog1451.jpg,0,0,1
dog1452.jpg,0,0,1
dog1453.jpg,0,0,1
dog1454.jpg,0,0,1
dog1455.jpg,0,0,1
dog1456.jpg,0,0,1
dog1457.jpg,0,0,1
dog1458.jpg,0,0,1
dog1459.jpg,0,0,1
dog1460.jpg,0,0,1
dog1461.jpg,0,0,1
dog1462.jpg,0,0,1
dog1463.jpg,0,0,1
dog1464.jpg,0,0,1
dog1465.jpg,0,0,1
dog1466.jpg,0,0,1
dog1467.jpg,0,0,1
dog1468.jpg,0,0,1
dog1469.jpg,0,0,1
dog1470.jpg,0,0,1
dog1471.jpg,0,0,1
dog1472.jpg,0,0,1
dog1473.jpg,0,0,1
dog1474.jpg,0,0,1
dog1475.jpg,0,0,1
dog1476.jpg,0,0,1
dog1477.jpg,0,0,1
dog1478.jpg,0,0,1
dog1479.jpg,0,0,1
dog1480.jpg,0,0,1
dog1481.jpg,0,0,1
dog1482.jpg,0,0,1
dog1483.jpg,0,0,1
dog1484.jpg,0,0,1
dog1485.jpg,0,0,1
dog1486.jpg,0,0,1
dog1487.jpg,0,0,1
dog1488.jpg,0,0,1
dog1489.jpg,0,0,1
dog1490.jpg,0,0,1
dog1491.jpg,0,0,1
dog1492.jpg,0,0,1
dog1493.jpg,0,0,1
dog1494.jpg,0,0,1
dog1495.jpg,0,0,1
dog1496.jpg,0,0,1
dog1497.jpg,0,0,1
dog1498.jpg,0,0,1
dog1499.jpg,0,0,1
dog1500.jpg,0,0,1
dog1501.jpg,0,0,1
dog1502.jpg,0,0,1
dog1503.jpg,0,0,1
dog1504.jpg,0,0,1
dog1505.jpg,0,0,1
dog1506.jpg,0,0,1
dog1507.jpg,0,0,1
dog1508.jpg,0,0,1
dog1509.jpg,0,0,1
dog1510.jpg,0,0,1
dog1511.jpg,0,0,1
dog1512.jpg,0,0,1
dog1513.jpg,0,0,1
dog1514.jpg,0,0,1
dog1515.jpg,0,0,1
dog1516.jpg,0,0,1
dog1517.jpg,0,0,1
dog1518.jpg,0,0,1
dog1519.jpg,0,0,1
dog1520.jpg,0,0,1
dog1521.jpg,0,0,1
dog1522.jpg,0,0,1
dog1523.jpg,0,0,1
dog1524.jpg,0,0,1
dog1525.jpg,0,0,1
dog1526.jpg,0,0,1
dog1527.jpg,0,0,1
dog1528.jpg,0,0,1
dog1529.jpg,0,0,1
dog1530.jpg,0,0,1
dog1531.jpg,0,0,1
dog1532.jpg,0,0,1
dog1533.jpg,0,0,1
dog1534.jpg,0,0,1
dog1535.jpg,0,0,1
dog1536.jpg,0,0,1
dog1537.jpg,0,0,1
dog1538.jpg,0,0,1
dog1539.jpg,0,0,1
dog1540.jpg,0,0,1
dog1541.jpg,0,0,1
dog1542.jpg,0,0,1
dog1543.jpg,0,0,1
dog1544.jpg,0,0,1
dog1545.jpg,0,0,1
dog1546.jpg,0,0,1
dog1547.jpg,0,0,1
dog1548.jpg,0,0,1
dog1549.jpg,0,0,1
dog1550.jpg,0,0,1
dog1551.jpg,0,0,1
dog1552.jpg,0,0,1
dog1553.jpg,0,0,1
dog1554.jpg,0,0,1
dog1555.jpg,0,0,1
dog1556.jpg,0,0,1
dog1557.jpg,0,0,1
dog1558.jpg,0,0,1
dog1559.jpg,0,0,1
dog1560.jpg,0,0,1
dog1561.jpg,0,0,1
dog1562.jpg,0,0,1
dog1563.jpg,0,0,1
dog1564.jpg,0,0,1
dog1565.jpg,0,0,1
dog1566.jpg,0,0,1
dog1567.jpg,0,0,1
dog1568.jpg,0,0,1
dog1569.jpg,0,0,1
dog1570.jpg,0,0,1
dog1571.jpg,0,0,1
dog1572.jpg,0,0,1
dog1573.jpg,0,0,1
dog1574.jpg,0,0,1
dog1575.jpg,0,0,1
dog1576.jpg,0,0,1
dog1577.jpg,0,0,1
dog1578.jpg,0,0,1
dog1579.jpg,0,0,1
dog1580.jpg,0,0,1
dog1581.jpg,0,0,1
dog1582.jpg,0,0,1
dog1583.jpg,0,0,1
dog1584.jpg,0,0,1
dog1585.jpg,0,0,1
dog1586.jpg,0,0,1
dog1587.jpg,0,0,1
dog1588.jpg,0,0,1
dog1589.jpg,0,0,1
dog1590.jpg,0,0,1
dog1591.jpg,0,0,1
dog1592.jpg,0,0,1
dog1593.jpg,0,0,1
dog1594.jpg,0,0,1
dog1595.jpg,0,0,1
dog1596.jpg,0,0,1
dog1597.jpg,0,0,1
dog1598.jpg,0,0,1
dog1599.jpg,0,0,1
dog1600.jpg,0,0,1
dog1601.jpg,0,0,1
dog1602.jpg,0,0,1
dog1603.jpg,0,0,1
dog1604.jpg,0,0,1
dog1605.jpg,0,0,1
dog1606.jpg,0,0,1
dog1607.jpg,0,0,1
dog1608.jpg,0,0,1
dog1609.jpg,0,0,1
dog1610.jpg,0,0,1
dog1611.jpg,0,0,1
dog1612.jpg,0,0,1
dog1613.jpg,0,0,1
dog1614.jpg,0,0,1
dog1615.jpg,0,0,1
dog1616.jpg,0,0,1
dog1617.jpg,0,0,1
dog1618.jpg,0,0,1
dog1619.jpg,0,0,1
dog1620.jpg,0,0,1
dog1621.jpg,0,0,1
dog1622.jpg,0,0,1
dog1623.jpg,0,0,1
dog1624.jpg,0,0,1
dog1625.jpg,0,0,1
dog1626.jpg,0,0,1
dog1627.jpg,0,0,1
dog1628.jpg,0,0,1
dog1629.jpg,0,0,1
dog1630.jpg,0,0,1
dog1631.jpg,0,0,1
dog1632.jpg,0,0,1
dog1633.jpg,0,0,1
dog1634.jpg,0,0,1
dog1635.jpg,0,0,1
dog1636.jpg,0,0,1
dog1637.jpg,0,0,1
dog1638.jpg,0,0,1
dog1639.jpg,0,0,1
dog1640.jpg,0,0,1
dog1641.jpg,0,0,1
dog1642.jpg,0,0,1
dog1643.jpg,0,0,1
dog1644.jpg,0,0,1
dog1645.jpg,0,0,1
dog1646.jpg,0,0,1
dog1647.jpg,0,0,1
dog1648.jpg,0,0,1
dog1649.jpg,0,0,1
dog1650.jpg,0,0,1
dog1651.jpg,0,0,1
dog1652.jpg,0,0,1
dog1653.jpg,0,0,1
dog1654.jpg,0,0,1
dog1655.jpg,0,0,1
dog1656.jpg,0,0,1
dog1657.jpg,0,0,1
dog1658.jpg,0,0,1
dog1659.jpg,0,0,1
dog1660.jpg,0,0,1
dog1661.jpg,0,0,1
dog1662.jpg,0,0,1
dog1663.jpg,0,0,1
dog1664.jpg,0,0,1
dog1665.jpg,0,0,1
dog1666.jpg,0,0,1
dog1667.jpg,0,0,1
dog1668.jpg,0,0,1
dog1669.jpg,0,0,1
dog1670.jpg,0,0,1
dog1671.jpg,0,0,1
dog1672.jpg,0,0,1
dog1673.jpg,0,0,1
dog1674.jpg,0,0,1
dog1675.jpg,0,0,1
dog1676.jpg,0,0,1
dog1677.jpg,0,0,1
dog1678.jpg,0,0,1
dog1679.jpg,0,0,1
dog1680.jpg,0,0,1
dog1681.jpg,0,0,1
dog1682.jpg,0,0,1
dog1683.jpg,0,0,1
dog1684.jpg,0,0,1
dog1685.jpg,0,0,1
dog1686.jpg,0,0,1
dog1687.jpg,0,0,1
dog1688.jpg,0,0,1
dog1689.jpg,0,0,1
dog1690.jpg,0,0,1
dog1691.jpg,0,0,1
dog1692.jpg,0,0,1
dog1693.jpg,0,0,1
dog1694.jpg,0,0,1
dog1695.jpg,0,0,1
dog1696.jpg,0,0,1
dog1697.jpg,0,0,1
dog1698.jpg,0,0,1
dog1699.jpg,0,0,1
dog1700.jpg,0,0,1
dog1701.jpg,0,0,1
dog1702.jpg,0,0,1
dog1703.jpg,0,0,1
dog1704.jpg,0,0,1
dog1705.jpg,0,0,1
dog1706.jpg,0,0,1
dog1707.jpg,0,0,1
dog1708.jpg,0,0,1
dog1709.jpg,0,0,1
dog1710.jpg,0,0,1
dog1711.jpg,0,0,1
dog1712.jpg,0,0,1
dog1713.jpg,0,0,1
dog1714.jpg,0,0,1
dog1715.jpg,0,0,1
dog1716.jpg,0,0,1
dog1717.jpg,0,0,1
dog1718.jpg,0,0,1
dog1719.jpg,0,0,1
dog1720.jpg,0,0,1
dog1721.jpg,0,0,1
dog1722.jpg,0,0,1
dog1723.jpg,0,0,1
dog1724.jpg,0,0,1
dog1725.jpg,0,0,1
dog1726.jpg,0,0,1
dog1727.jpg,0,0,1
dog1728.jpg,0,0,1
dog1729.jpg,0,0,1
dog1730.jpg,0,0,1
dog1731.jpg,0,0,1
dog1732.jpg,0,0,1
dog1733.jpg,0,0,1
dog1734.jpg,0,0,1
dog1735.jpg,0,0,1
dog1736.jpg,0,0,1
dog1737.jpg,0,0,1
dog1738.jpg,0,0,1
dog1739.jpg,0,0,1
dog1740.jpg,0,0,1
dog1741.jpg,0,0,1
dog1742.jpg,0,0,1
dog1743.jpg,0,0,1
dog1744.jpg,0,0,1
dog1745.jpg,0,0,1
dog1746.jpg,0,0,1
dog1747.jpg,0,0,1
dog1748.jpg,0,0,1
dog1749.jpg,0,0,1
dog1750.jpg,0,0,1
dog1751.jpg,0,0,1
dog1752.jpg,0,0,1
dog1753.jpg,0,0,1
dog1754.jpg,0,0,1
dog1755.jpg,0,0,1
dog1756.jpg,0,0,1
dog1757.jpg,0,0,1
dog1758.jpg,0,0,1
dog1759.jpg,0,0,1
dog1760.jpg,0,0,1
dog1761.jpg,0,0,1
dog1762.jpg,0,0,1
dog1763.jpg,0,0,1
dog1764.jpg,0,0,1
dog1765.jpg,0,0,1
dog1766.jpg,0,0,1
dog1767.jpg,0,0,1
dog1768.jpg,0,0,1
dog1769.jpg,0,0,1
dog1770.jpg,0,0,1
dog1771.jpg,0,0,1
dog1772.jpg,0,0,1
dog1773.jpg,0,0,1
dog1774.jpg,0,0,1
dog1775.jpg,0,0,1
dog1776.jpg,0,0,1
dog1777.jpg,0,0,1
dog1778.jpg,0,0,1
dog1779.jpg,0,0,1
dog1780.jpg,0,0,1
dog1781.jpg,0,0,1
dog1782.jpg,0,0,1
dog1783.jpg,0,0,1
dog1784.jpg,0,0,1
dog1785.jpg,0,0,1
dog1786.jpg,0,0,1
dog1787.jpg,0,0,1
dog1788.jpg,0,0,1
dog1789.jpg,0,0,1
dog1790.jpg,0,0,1
dog1791.jpg,0,0,1
dog1792.jpg,0,0,1
dog1793.jpg,0,0,1
dog1794.jpg,0,0,1
dog1795.jpg,0,0,1
dog1796.jpg,0,0,1
dog1797.jpg,0,0,1
dog1798.jpg,0,0,1
dog1799.jpg,0,0,1
dog1800.jpg,0,0,1
dog1801.jpg,0,0,1
dog1802.jpg,0,0,1
dog1803.jpg,0,0,1
dog1804.jpg,0,0,1
dog1805.jpg,0,0,1
dog1806.jpg,0,0,1
dog1807.jpg,0,0,1
dog1808.jpg,0,0,1
dog1809.jpg,0,0,1
dog1810.jpg,0,0,1
dog1811.jpg,0,0,1
dog1812.jpg,0,0,1
dog1813.jpg,0,0,1
dog1814.jpg,0,0,1
dog1815.jpg,0,0,1
dog1816.jpg,0,0,1
dog1817.jpg,0,0,1
dog1818.jpg,0,0,1
dog1819.jpg,0,0,1
dog1820.jpg,0,0,1
dog1821.jpg,0,0,1
dog1822.jpg,0,0,1
dog1823.jpg,0,0,1
dog1824.jpg,0,0,1
dog1825.jpg,0,0,1
dog1826.jpg,0,0,1
dog1827.jpg,0,0,1
dog1828.jpg,0,0,1
dog1829.jpg,0,0,1
dog1830.jpg,0,0,1
dog1831.jpg,0,0,1
dog1832.jpg,0,0,1
dog1833.jpg,0,0,1
dog1834.jpg,0,0,1
dog1835.jpg,0,0,1
dog1836.jpg,0,0,1
dog1837.jpg,0,0,1
dog1838.jpg,0,0,1
dog1839.jpg,0,0,1
dog1840.jpg,0,0,1
dog1841.jpg,0,0,1
dog1842.jpg,0,0,1
dog1843.jpg,0,0,1
dog1844.jpg,0,0,1
dog1845.jpg,0,0,1
dog1846.jpg,0,0,1
dog1847.jpg,0,0,1
dog1848.jpg,0,0,1
dog1849.jpg,0,0,1
dog1850.jpg,0,0,1
dog1851.jpg,0,0,1
dog1852.jpg,0,0,1
dog1853.jpg,0,0,1
dog1854.jpg,0,0,1
dog1855.jpg,0,0,1
dog1856.jpg,0,0,1
dog1857.jpg,0,0,1
dog1858.jpg,0,0,1
dog1859.jpg,0,0,1
dog1860.jpg,0,0,1
dog1861.jpg,0,0,1
dog1862.jpg,0,0,1
dog1863.jpg,0,0,1
dog1864.jpg,0,0,1
dog1865.jpg,0,0,1
dog1866.jpg,0,0,1
dog1867.jpg,0,0,1
dog1868.jpg,0,0,1
dog1869.jpg,0,0,1
dog1870.jpg,0,0,1
dog1871.jpg,0,0,1
dog1872.jpg,0,0,1
dog1873.jpg,0,0,1
dog1874.jpg,0,0,1
dog1875.jpg,0,0,1
dog1876.jpg,0,0,1
dog1877.jpg,0,0,1
dog1878.jpg,0,0,1
dog1879.jpg,0,0,1
dog1880.jpg,0,0,1
dog1881.jpg,0,0,1
dog1882.jpg,0,0,1
dog1883.jpg,0,0,1
dog1884.jpg,0,0,1
dog1885.jpg,0,0,1
dog1886.jpg,0,0,1
dog1887.jpg,0,0,1
dog1888.jpg,0,0,1
dog1889.jpg,0,0,1
dog1890.jpg,0,0,1
dog1891.jpg,0,0,1
dog1892.jpg,0,0,1
dog1893.jpg,0,0,1
dog1894.jpg,0,0,1
dog1895.jpg,0,0,1
dog1896.jpg,0,0,1
dog1897.jpg,0,0,1
dog1898.jpg,0,0,1
dog1899.jpg,0,0,1
dog1900.jpg,0,0,1
dog1901.jpg,0,0,1
dog1902.jpg,0,0,1
dog1903.jpg,0,0,1
dog1904.jpg,0,0,1
dog1905.jpg,0,0,1
dog1906.jpg,0,0,1
dog1907.jpg,0,0,1
dog1908.jpg,0,0,1
dog1909.jpg,0,0,1
dog1910.jpg,0,0,1
dog1911.jpg,0,0,1
dog1912.jpg,0,0,1
dog1913.jpg,0,0,1
dog1914.jpg,0,0,1
dog1915.jpg,0,0,1
dog1916.jpg,0,0,1
dog1917.jpg,0,0,1
dog1918.jpg,0,0,1
dog1919.jpg,0,0,1
dog1920.jpg,0,0,1
dog1921.jpg,0,0,1
dog1922.jpg,0,0,1
dog1923.jpg,0,0,1
dog1924.jpg,0,0,1
dog1925.jpg,0,0,1
dog1926.jpg,0,0,1
dog1927.jpg,0,0,1
dog1928.jpg,0,0,1
dog1929.jpg,0,0,1
dog1930.jpg,0,0,1
dog1931.jpg,0,0,1
dog1932.jpg,0,0,1
dog1933.jpg,0,0,1
dog1934.jpg,0,0,1
dog1935.jpg,0,0,1
dog1936.jpg,0,0,1
dog1937.jpg,0,0,1
dog1938.jpg,0,0,1
dog1939.jpg,0,0,1
dog1940.jpg,0,0,1
dog1941.jpg,0,0,1
dog1942.jpg,0,0,1
dog1943.jpg,0,0,1
dog1944.jpg,0,0,1
dog1945.jpg,0,0,1
dog1946.jpg,0,0,1
dog1947.jpg,0,0,1
dog1948.jpg,0,0,1
dog1949.jpg,0,0,1
dog1950.jpg,0,0,1
dog1951.jpg,0,0,1
dog1952.jpg,0,0,1
dog1953.jpg,0,0,1
dog1954.jpg,0,0,1
dog1955.jpg,0,0,1
dog1956.jpg,0,0,1
dog1957.jpg,0,0,1
dog1958.jpg,0,0,1
dog1959.jpg,0,0,1
dog1960.jpg,0,0,1
dog1961.jpg,0,0,1
dog1962.jpg,0,0,1
dog1963.jpg,0,0,1
dog1964.jpg,0,0,1
dog1965.jpg,0,0,1
dog1966.jpg,0,0,1
dog1967.jpg,0,0,1
dog1968.jpg,0,0,1
dog1969.jpg,0,0,1
dog1970.jpg,0,0,1
dog1971.jpg,0,0,1
dog1972.jpg,0,0,1
dog1973.jpg,0,0,1
dog1974.jpg,0,0,1
dog1975.jpg,0,0,1
dog1976.jpg,0,0,1
dog1977.jpg,0,0,1
dog1978.jpg,0,0,1
dog1979.jpg,0,0,1
dog1980.jpg,0,0,1
dog1981.jpg,0,0,1
dog1982.jpg,0,0,1
dog1983.jpg,0,0,1
dog1984.jpg,0,0,1
dog1985.jpg,0,0,1
dog1986.jpg,0,0,1
dog1987.jpg,0,0,1
dog1988.jpg,0,0,1
dog1989.jpg,0,0,1
dog1990.jpg,0,0,1
dog1991.jpg,0,0,1
dog1992.jpg,0,0,1
dog1993.jpg,0,0,1
dog1994.jpg,0,0,1
dog1995.jpg,0,0,1
dog1996.jpg,0,0,1
dog1997.jpg,0,0,1
dog1998.jpg,0,0,1
dog1999.jpg,0,0,1
dog2000.jpg,0,0,1
dog2001.jpg,0,0,1
dog2002.jpg,0,0,1
dog2003.jpg,0,0,1
dog2004.jpg,0,0,1
dog2005.jpg,0,0,1
dog2006.jpg,0,0,1
dog2007.jpg,0,0,1
dog2008.jpg,0,0,1
dog2009.jpg,0,0,1
dog2010.jpg,0,0,1
dog2011.jpg,0,0,1
dog2012.jpg,0,0,1
dog2013.jpg,0,0,1
dog2014.jpg,0,0,1
dog2015.jpg,0,0,1
dog2016.jpg,0,0,1
dog2017.jpg,0,0,1
dog2018.jpg,0,0,1
dog2019.jpg,0,0,1
dog2020.jpg,0,0,1
dog2021.jpg,0,0,1
dog2022.jpg,0,0,1
dog2023.jpg,0,0,1
dog2024.jpg,0,0,1
dog2025.jpg,0,0,1
dog2026.jpg,0,0,1
dog2027.jpg,0,0,1
dog2028.jpg,0,0,1
dog2029.jpg,0,0,1
dog2030.jpg,0,0,1
dog2031.jpg,0,0,1
dog2032.jpg,0,0,1
dog2033.jpg,0,0,1
dog2034.jpg,0,0,1
dog2035.jpg,0,0,1
dog2036.jpg,0,0,1
dog2037.jpg,0,0,1
dog2038.jpg,0,0,1
dog2039.jpg,0,0,1
dog2040.jpg,0,0,1
dog2041.jpg,0,0,1
dog2042.jpg,0,0,1
dog2043.jpg,0,0,1
dog2044.jpg,0,0,1
dog2045.jpg,0,0,1
dog2046.jpg,0,0,1
dog2047.jpg,0,0,1
dog2048.jpg,0,0,1
dog2049.jpg,0,0,1
dog2050.jpg,0,0,1
dog2051.jpg,0,0,1
dog2052.jpg,0,0,1
dog2053.jpg,0,0,1
dog2054.jpg,0,0,1
dog2055.jpg,0,0,1
dog2056.jpg,0,0,1
dog2057.jpg,0,0,1
dog2058.jpg,0,0,1
dog2059.jpg,0,0,1
dog2060.jpg,0,0,1
dog2061.jpg,0,0,1
dog2062.jpg,0,0,1
dog2063.jpg,0,0,1
dog2064.jpg,0,0,1
dog2065.jpg,0,0,1
dog2066.jpg,0,0,1
dog2067.jpg,0,0,1
dog2068.jpg,0,0,1
dog2069.jpg,0,0,1
dog2070.jpg,0,0,1
dog2071.jpg,0,0,1
dog2072.jpg,0,0,1
dog2073.jpg,0,0,1
dog2074.jpg,0,0,1
dog2075.jpg,0,0,1
dog2076.jpg,0,0,1
dog2077.jpg,0,0,1
dog2078.jpg,0,0,1
dog2079.jpg,0,0,1
dog2080.jpg,0,0,1
dog2081.jpg,0,0,1
dog2082.jpg,0,0,1
dog2083.jpg,0,0,1
dog2084.jpg,0,0,1
dog2085.jpg,0,0,1
dog2086.jpg,0,0,1
dog2087.jpg,0,0,1
dog2088.jpg,0,0,1
dog2089.jpg,0,0,1
dog2090.jpg,0,0,1
